{
  "stage": "s9_gliner_format",
  "timestamp_utc": "2026-07-21T17:51:59.217939+00:00",
  "input_jsonl": "/home/sidharth/Desktop/nvidia-hack/india-agentic-ai-hackathon/data/generated/runs/20260721T193130/s7_s8_curation/curated.jsonl",
  "rows_in": 46,
  "rows_out": 46,
  "mean_tokens": 526.1086956521739,
  "mean_entities": 12.152173913043478,
  "ecr": {
    "mean_ecr": 1.0,
    "min_ecr": 1.0,
    "max_ecr": 1.0,
    "n": 46
  },
  "ised": {
    "mean_ised": 0.7786260650787769,
    "per_entity_type": {
      "AADHAAR_NUMBER": 0.5,
      "ABHA_ADDRESS": 1.0,
      "ABHA_ID": 0.15384615384615385,
      "ADMISSION_NUMBER": 0.8333333333333334,
      "AGE": 0.5,
      "APPOINTMENT_ID": 0.6,
      "ASHA_WORKER_NAME": 1.0,
      "BANK_ACCOUNT_NUMBER": 0.8,
      "BANK_ROUTING_NUMBER": 0.5,
      "BED_NUMBER": 0.42857142857142855,
      "BPL_RATION_CARD": 1.0,
      "CASTE": 0.75,
      "CREDIT_CARD_NUMBER": 0.6666666666666666,
      "CVV": 0.6666666666666666,
      "DISTRICT": 0.725,
      "DOB": 1.0,
      "DOCTOR_NAME": 0.7647058823529411,
      "DRIVING_LICENCE": 1.0,
      "EMAIL_ADDRESS": 1.0,
      "EMPLOYEE_ID": 1.0,
      "ENCOUNTER_ID": 0.6,
      "GENDER": 0.125,
      "HOSPITAL_ID": 1.0,
      "HOSPITAL_NAME": 0.8372093023255814,
      "IFSC_CODE": 0.4,
      "INSURANCE_POLICY_NUMBER": 1.0,
      "MRN": 0.48148148148148145,
      "OCCUPATION": 0.8,
      "PAN_NUMBER": 1.0,
      "PASSPORT_NUMBER": 1.0,
      "PATIENT_ID": 1.0,
      "PATIENT_NAME": 0.6964285714285714,
      "PHONE_NUMBER": 0.35555555555555557,
      "PIN": 1.0,
      "PIN_CODE": 1.0,
      "REFERRAL_ID": 0.75,
      "RELATIVE_NAME": 0.9565217391304348,
      "RELIGION": 0.6666666666666666,
      "RESIDENTIAL_ADDRESS": 1.0,
      "TAX_ID": 1.0,
      "TELEPHONE_LANDLINE": 1.0,
      "VEHICLE_REGISTRATION": 1.0,
      "VILLAGE": 1.0,
      "VOTER_ID": 0.9090909090909091,
      "WARD_NUMBER": 0.5714285714285714
    },
    "entity_types": 45,
    "total_mentions": 559
  },
  "ied": {
    "mean_ised": 0.7786260650787769,
    "per_entity_type": {
      "AADHAAR_NUMBER": 0.5,
      "ABHA_ADDRESS": 1.0,
      "ABHA_ID": 0.15384615384615385,
      "ADMISSION_NUMBER": 0.8333333333333334,
      "AGE": 0.5,
      "APPOINTMENT_ID": 0.6,
      "ASHA_WORKER_NAME": 1.0,
      "BANK_ACCOUNT_NUMBER": 0.8,
      "BANK_ROUTING_NUMBER": 0.5,
      "BED_NUMBER": 0.42857142857142855,
      "BPL_RATION_CARD": 1.0,
      "CASTE": 0.75,
      "CREDIT_CARD_NUMBER": 0.6666666666666666,
      "CVV": 0.6666666666666666,
      "DISTRICT": 0.725,
      "DOB": 1.0,
      "DOCTOR_NAME": 0.7647058823529411,
      "DRIVING_LICENCE": 1.0,
      "EMAIL_ADDRESS": 1.0,
      "EMPLOYEE_ID": 1.0,
      "ENCOUNTER_ID": 0.6,
      "GENDER": 0.125,
      "HOSPITAL_ID": 1.0,
      "HOSPITAL_NAME": 0.8372093023255814,
      "IFSC_CODE": 0.4,
      "INSURANCE_POLICY_NUMBER": 1.0,
      "MRN": 0.48148148148148145,
      "OCCUPATION": 0.8,
      "PAN_NUMBER": 1.0,
      "PASSPORT_NUMBER": 1.0,
      "PATIENT_ID": 1.0,
      "PATIENT_NAME": 0.6964285714285714,
      "PHONE_NUMBER": 0.35555555555555557,
      "PIN": 1.0,
      "PIN_CODE": 1.0,
      "REFERRAL_ID": 0.75,
      "RELATIVE_NAME": 0.9565217391304348,
      "RELIGION": 0.6666666666666666,
      "RESIDENTIAL_ADDRESS": 1.0,
      "TAX_ID": 1.0,
      "TELEPHONE_LANDLINE": 1.0,
      "VEHICLE_REGISTRATION": 1.0,
      "VILLAGE": 1.0,
      "VOTER_ID": 0.9090909090909091,
      "WARD_NUMBER": 0.5714285714285714
    },
    "entity_types": 45,
    "total_mentions": 559
  },
  "gold_span_metrics": null,
  "gold_jsonl": null,
  "fail_on_token_misalign": true
}
