{
  "stage": "s9_gliner_format",
  "timestamp_utc": "2026-07-20T14:45:15.456237+00:00",
  "input_jsonl": "/home/sidharth/Desktop/nvidia-hack/india-agentic-ai-hackathon/data/generated/runs/20260720T192801/s7_s8_curation/curated.jsonl",
  "rows_in": 20,
  "rows_out": 20,
  "mean_tokens": 762.5,
  "mean_entities": 12.0,
  "ecr": {
    "mean_ecr": 1.0,
    "min_ecr": 1.0,
    "max_ecr": 1.0,
    "n": 20
  },
  "ised": {
    "mean_ised": 0.7932745685686862,
    "per_entity_type": {
      "ABHA_ADDRESS": 1.0,
      "ABHA_ID": 0.6,
      "ADMISSION_NUMBER": 1.0,
      "AGE": 0.8823529411764706,
      "APPOINTMENT_ID": 0.6666666666666666,
      "ASHA_WORKER_NAME": 1.0,
      "BED_NUMBER": 0.5,
      "BPL_RATION_CARD": 1.0,
      "CASTE": 0.3333333333333333,
      "DISTRICT": 1.0,
      "DOB": 1.0,
      "DOCTOR_NAME": 0.5454545454545454,
      "DRIVING_LICENCE": 1.0,
      "EMAIL_ADDRESS": 1.0,
      "EMPLOYEE_ID": 1.0,
      "GENDER": 0.17647058823529413,
      "HOSPITAL_ID": 1.0,
      "HOSPITAL_NAME": 1.0,
      "IMEI_NUMBER": 0.3333333333333333,
      "IP_ADDRESS": 0.3333333333333333,
      "MAC_ADDRESS": 0.3333333333333333,
      "MRN": 0.9230769230769231,
      "OCCUPATION": 1.0,
      "PASSPORT_NUMBER": 1.0,
      "PATIENT_ID": 1.0,
      "PATIENT_NAME": 1.0,
      "PHONE_NUMBER": 0.47058823529411764,
      "REFERRAL_ID": 0.5,
      "RELATIVE_NAME": 1.0,
      "RESIDENTIAL_ADDRESS": 1.0,
      "STUDENT_ID": 1.0,
      "URL": 0.6666666666666666,
      "VILLAGE": 1.0,
      "VOTER_ID": 1.0,
      "WARD_NUMBER": 0.5
    },
    "entity_types": 35,
    "total_mentions": 240
  },
  "ied": {
    "mean_ised": 0.7932745685686862,
    "per_entity_type": {
      "ABHA_ADDRESS": 1.0,
      "ABHA_ID": 0.6,
      "ADMISSION_NUMBER": 1.0,
      "AGE": 0.8823529411764706,
      "APPOINTMENT_ID": 0.6666666666666666,
      "ASHA_WORKER_NAME": 1.0,
      "BED_NUMBER": 0.5,
      "BPL_RATION_CARD": 1.0,
      "CASTE": 0.3333333333333333,
      "DISTRICT": 1.0,
      "DOB": 1.0,
      "DOCTOR_NAME": 0.5454545454545454,
      "DRIVING_LICENCE": 1.0,
      "EMAIL_ADDRESS": 1.0,
      "EMPLOYEE_ID": 1.0,
      "GENDER": 0.17647058823529413,
      "HOSPITAL_ID": 1.0,
      "HOSPITAL_NAME": 1.0,
      "IMEI_NUMBER": 0.3333333333333333,
      "IP_ADDRESS": 0.3333333333333333,
      "MAC_ADDRESS": 0.3333333333333333,
      "MRN": 0.9230769230769231,
      "OCCUPATION": 1.0,
      "PASSPORT_NUMBER": 1.0,
      "PATIENT_ID": 1.0,
      "PATIENT_NAME": 1.0,
      "PHONE_NUMBER": 0.47058823529411764,
      "REFERRAL_ID": 0.5,
      "RELATIVE_NAME": 1.0,
      "RESIDENTIAL_ADDRESS": 1.0,
      "STUDENT_ID": 1.0,
      "URL": 0.6666666666666666,
      "VILLAGE": 1.0,
      "VOTER_ID": 1.0,
      "WARD_NUMBER": 0.5
    },
    "entity_types": 35,
    "total_mentions": 240
  },
  "gold_span_metrics": null,
  "gold_jsonl": null,
  "fail_on_token_misalign": true
}
