{
  "stage": "s9_gliner_format",
  "timestamp_utc": "2026-07-22T14:57:44.747874+00:00",
  "input_jsonl": "/home/sidharth/Desktop/nvidia-hack/india-agentic-ai-hackathon/data/generated/runs/20260722T083050/s7_s8_curation/curated.jsonl",
  "rows_in": 99,
  "rows_out": 99,
  "soft_skip_count": 0,
  "soft_failures": [],
  "token_boundary_snap_docs": 2,
  "mean_tokens": 586.1313131313132,
  "mean_entities": 12.414141414141413,
  "ecr": {
    "mean_ecr": 1.0,
    "min_ecr": 1.0,
    "max_ecr": 1.0,
    "n": 99
  },
  "ised": {
    "mean_ised": 0.6510904968452934,
    "per_entity_type": {
      "AADHAAR_NUMBER": 0.7,
      "ABHA_ADDRESS": 1.0,
      "ABHA_ID": 0.08,
      "ADMISSION_NUMBER": 0.6190476190476191,
      "AGE": 0.3225806451612903,
      "APPOINTMENT_ID": 0.5454545454545454,
      "ASHA_WORKER_NAME": 0.9090909090909091,
      "BANK_ACCOUNT_NUMBER": 0.8571428571428571,
      "BANK_ROUTING_NUMBER": 0.5,
      "BED_NUMBER": 0.46153846153846156,
      "BPL_RATION_CARD": 1.0,
      "CASTE": 0.5555555555555556,
      "CREDIT_CARD_NUMBER": 0.3333333333333333,
      "CVV": 0.3333333333333333,
      "DISTRICT": 0.6,
      "DOB": 0.9523809523809523,
      "DOCTOR_NAME": 0.5673076923076923,
      "DRIVING_LICENCE": 1.0,
      "EMAIL_ADDRESS": 0.8888888888888888,
      "EMPLOYEE_ID": 0.9166666666666666,
      "ENCOUNTER_ID": 0.46153846153846156,
      "GENDER": 0.043010752688172046,
      "HOSPITAL_ID": 0.9565217391304348,
      "HOSPITAL_NAME": 0.7878787878787878,
      "IFSC_CODE": 0.2857142857142857,
      "IMEI_NUMBER": 0.25,
      "INSURANCE_POLICY_NUMBER": 1.0,
      "IP_ADDRESS": 0.25,
      "MAC_ADDRESS": 0.25,
      "MRN": 0.6029411764705882,
      "OCCUPATION": 0.9166666666666666,
      "PAN_NUMBER": 0.5555555555555556,
      "PASSPORT_NUMBER": 0.5,
      "PATIENT_ID": 0.8125,
      "PATIENT_NAME": 0.6486486486486487,
      "PHONE_NUMBER": 0.24468085106382978,
      "PIN": 1.0,
      "PIN_CODE": 0.75,
      "REFERRAL_ID": 0.6666666666666666,
      "RELATIVE_NAME": 0.8627450980392157,
      "RELIGION": 0.5,
      "RESIDENTIAL_ADDRESS": 0.9411764705882353,
      "TAX_ID": 1.0,
      "TELEPHONE_LANDLINE": 1.0,
      "URL": 0.25,
      "VEHICLE_REGISTRATION": 0.9285714285714286,
      "VILLAGE": 1.0,
      "VOTER_ID": 1.0,
      "WARD_NUMBER": 0.2962962962962963
    },
    "entity_types": 49,
    "total_mentions": 1229
  },
  "ied": {
    "mean_ised": 0.6510904968452934,
    "per_entity_type": {
      "AADHAAR_NUMBER": 0.7,
      "ABHA_ADDRESS": 1.0,
      "ABHA_ID": 0.08,
      "ADMISSION_NUMBER": 0.6190476190476191,
      "AGE": 0.3225806451612903,
      "APPOINTMENT_ID": 0.5454545454545454,
      "ASHA_WORKER_NAME": 0.9090909090909091,
      "BANK_ACCOUNT_NUMBER": 0.8571428571428571,
      "BANK_ROUTING_NUMBER": 0.5,
      "BED_NUMBER": 0.46153846153846156,
      "BPL_RATION_CARD": 1.0,
      "CASTE": 0.5555555555555556,
      "CREDIT_CARD_NUMBER": 0.3333333333333333,
      "CVV": 0.3333333333333333,
      "DISTRICT": 0.6,
      "DOB": 0.9523809523809523,
      "DOCTOR_NAME": 0.5673076923076923,
      "DRIVING_LICENCE": 1.0,
      "EMAIL_ADDRESS": 0.8888888888888888,
      "EMPLOYEE_ID": 0.9166666666666666,
      "ENCOUNTER_ID": 0.46153846153846156,
      "GENDER": 0.043010752688172046,
      "HOSPITAL_ID": 0.9565217391304348,
      "HOSPITAL_NAME": 0.7878787878787878,
      "IFSC_CODE": 0.2857142857142857,
      "IMEI_NUMBER": 0.25,
      "INSURANCE_POLICY_NUMBER": 1.0,
      "IP_ADDRESS": 0.25,
      "MAC_ADDRESS": 0.25,
      "MRN": 0.6029411764705882,
      "OCCUPATION": 0.9166666666666666,
      "PAN_NUMBER": 0.5555555555555556,
      "PASSPORT_NUMBER": 0.5,
      "PATIENT_ID": 0.8125,
      "PATIENT_NAME": 0.6486486486486487,
      "PHONE_NUMBER": 0.24468085106382978,
      "PIN": 1.0,
      "PIN_CODE": 0.75,
      "REFERRAL_ID": 0.6666666666666666,
      "RELATIVE_NAME": 0.8627450980392157,
      "RELIGION": 0.5,
      "RESIDENTIAL_ADDRESS": 0.9411764705882353,
      "TAX_ID": 1.0,
      "TELEPHONE_LANDLINE": 1.0,
      "URL": 0.25,
      "VEHICLE_REGISTRATION": 0.9285714285714286,
      "VILLAGE": 1.0,
      "VOTER_ID": 1.0,
      "WARD_NUMBER": 0.2962962962962963
    },
    "entity_types": 49,
    "total_mentions": 1229
  },
  "gold_span_metrics": null,
  "gold_jsonl": null,
  "fail_on_token_misalign": true
}
