{
  "stage": "s9_gliner_format",
  "timestamp_utc": "2026-07-23T17:14:50.526636+00:00",
  "input_jsonl": "/home/sidharth/Desktop/nvidia-hack/india-agentic-ai-hackathon/data/generated/runs/20260723T212832/s7_s8_curation/curated.jsonl",
  "rows_in": 100,
  "rows_out": 100,
  "soft_skip_count": 0,
  "soft_failures": [],
  "token_boundary_snap_docs": 4,
  "mean_tokens": 581.31,
  "mean_entities": 12.38,
  "ecr": {
    "mean_ecr": 1.0,
    "min_ecr": 1.0,
    "max_ecr": 1.0,
    "n": 100
  },
  "ised": {
    "mean_ised": 0.7381944754914261,
    "per_entity_type": {
      "AADHAAR_NUMBER": 0.4166666666666667,
      "ABHA_ADDRESS": 1.0,
      "ABHA_ID": 0.18518518518518517,
      "ADMISSION_NUMBER": 0.5909090909090909,
      "AGE": 0.3258426966292135,
      "APPOINTMENT_ID": 0.6923076923076923,
      "ASHA_WORKER_NAME": 1.0,
      "BANK_ACCOUNT_NUMBER": 0.42857142857142855,
      "BANK_ROUTING_NUMBER": 0.6666666666666666,
      "BED_NUMBER": 0.37037037037037035,
      "BPL_RATION_CARD": 1.0,
      "CASTE": 0.75,
      "CREDIT_CARD_NUMBER": 0.4,
      "CVV": 0.4,
      "DISTRICT": 0.6153846153846154,
      "DOB": 1.0,
      "DOCTOR_NAME": 0.6224489795918368,
      "DRIVING_LICENCE": 1.0,
      "EMAIL_ADDRESS": 0.9,
      "EMPLOYEE_ID": 1.0,
      "ENCOUNTER_ID": 0.5,
      "GENDER": 0.03333333333333333,
      "HOSPITAL_ID": 1.0,
      "HOSPITAL_NAME": 0.79,
      "IFSC_CODE": 0.42857142857142855,
      "IMEI_NUMBER": 1.0,
      "INSURANCE_POLICY_NUMBER": 0.9230769230769231,
      "IP_ADDRESS": 1.0,
      "MAC_ADDRESS": 1.0,
      "MRN": 0.6891891891891891,
      "OCCUPATION": 0.875,
      "PAN_NUMBER": 0.75,
      "PASSPORT_NUMBER": 1.0,
      "PATIENT_ID": 0.9117647058823529,
      "PATIENT_NAME": 0.7297297297297297,
      "PHONE_NUMBER": 0.21505376344086022,
      "PIN": 0.8333333333333334,
      "PIN_CODE": 0.8,
      "REFERRAL_ID": 0.75,
      "RELATIVE_NAME": 0.9574468085106383,
      "RELIGION": 0.6,
      "RESIDENTIAL_ADDRESS": 1.0,
      "TAX_ID": 0.8571428571428571,
      "TELEPHONE_LANDLINE": 1.0,
      "URL": 1.0,
      "VEHICLE_REGISTRATION": 0.8421052631578947,
      "VILLAGE": 1.0,
      "VOTER_ID": 1.0,
      "WARD_NUMBER": 0.32142857142857145
    },
    "entity_types": 49,
    "total_mentions": 1238
  },
  "ied": {
    "mean_ised": 0.7381944754914261,
    "per_entity_type": {
      "AADHAAR_NUMBER": 0.4166666666666667,
      "ABHA_ADDRESS": 1.0,
      "ABHA_ID": 0.18518518518518517,
      "ADMISSION_NUMBER": 0.5909090909090909,
      "AGE": 0.3258426966292135,
      "APPOINTMENT_ID": 0.6923076923076923,
      "ASHA_WORKER_NAME": 1.0,
      "BANK_ACCOUNT_NUMBER": 0.42857142857142855,
      "BANK_ROUTING_NUMBER": 0.6666666666666666,
      "BED_NUMBER": 0.37037037037037035,
      "BPL_RATION_CARD": 1.0,
      "CASTE": 0.75,
      "CREDIT_CARD_NUMBER": 0.4,
      "CVV": 0.4,
      "DISTRICT": 0.6153846153846154,
      "DOB": 1.0,
      "DOCTOR_NAME": 0.6224489795918368,
      "DRIVING_LICENCE": 1.0,
      "EMAIL_ADDRESS": 0.9,
      "EMPLOYEE_ID": 1.0,
      "ENCOUNTER_ID": 0.5,
      "GENDER": 0.03333333333333333,
      "HOSPITAL_ID": 1.0,
      "HOSPITAL_NAME": 0.79,
      "IFSC_CODE": 0.42857142857142855,
      "IMEI_NUMBER": 1.0,
      "INSURANCE_POLICY_NUMBER": 0.9230769230769231,
      "IP_ADDRESS": 1.0,
      "MAC_ADDRESS": 1.0,
      "MRN": 0.6891891891891891,
      "OCCUPATION": 0.875,
      "PAN_NUMBER": 0.75,
      "PASSPORT_NUMBER": 1.0,
      "PATIENT_ID": 0.9117647058823529,
      "PATIENT_NAME": 0.7297297297297297,
      "PHONE_NUMBER": 0.21505376344086022,
      "PIN": 0.8333333333333334,
      "PIN_CODE": 0.8,
      "REFERRAL_ID": 0.75,
      "RELATIVE_NAME": 0.9574468085106383,
      "RELIGION": 0.6,
      "RESIDENTIAL_ADDRESS": 1.0,
      "TAX_ID": 0.8571428571428571,
      "TELEPHONE_LANDLINE": 1.0,
      "URL": 1.0,
      "VEHICLE_REGISTRATION": 0.8421052631578947,
      "VILLAGE": 1.0,
      "VOTER_ID": 1.0,
      "WARD_NUMBER": 0.32142857142857145
    },
    "entity_types": 49,
    "total_mentions": 1238
  },
  "gold_span_metrics": null,
  "gold_jsonl": null,
  "fail_on_token_misalign": true
}
