{
  "stage": "s9_gliner_format",
  "timestamp_utc": "2026-07-23T19:08:19.195423+00:00",
  "input_jsonl": "/home/sidharth/Desktop/nvidia-hack/india-agentic-ai-hackathon/data/generated/runs/20260723T233135/s7_s8_curation/curated.jsonl",
  "rows_in": 114,
  "rows_out": 114,
  "soft_skip_count": 0,
  "soft_failures": [],
  "token_boundary_snap_docs": 1,
  "mean_tokens": 536.8333333333334,
  "mean_entities": 12.298245614035087,
  "ecr": {
    "mean_ecr": 1.0,
    "min_ecr": 1.0,
    "max_ecr": 1.0,
    "n": 114
  },
  "ised": {
    "mean_ised": 0.6447715667896157,
    "per_entity_type": {
      "AADHAAR_NUMBER": 0.3684210526315789,
      "ABHA_ADDRESS": 0.9166666666666666,
      "ABHA_ID": 0.15384615384615385,
      "ADMISSION_NUMBER": 0.8260869565217391,
      "AGE": 0.29591836734693877,
      "APPOINTMENT_ID": 0.6923076923076923,
      "ASHA_WORKER_NAME": 1.0,
      "BANK_ACCOUNT_NUMBER": 0.7,
      "BANK_ROUTING_NUMBER": 0.3,
      "BED_NUMBER": 0.3448275862068966,
      "BPL_RATION_CARD": 1.0,
      "CASTE": 0.5,
      "CREDIT_CARD_NUMBER": 0.3,
      "CVV": 0.2,
      "DISTRICT": 0.5280898876404494,
      "DOB": 0.9523809523809523,
      "DOCTOR_NAME": 0.5769230769230769,
      "DRIVING_LICENCE": 1.0,
      "EMAIL_ADDRESS": 0.9285714285714286,
      "EMPLOYEE_ID": 0.6666666666666666,
      "ENCOUNTER_ID": 0.3125,
      "GENDER": 0.02040816326530612,
      "HOSPITAL_ID": 1.0,
      "HOSPITAL_NAME": 0.7870370370370371,
      "IFSC_CODE": 0.4,
      "IMEI_NUMBER": 0.3333333333333333,
      "INSURANCE_POLICY_NUMBER": 0.6818181818181818,
      "IP_ADDRESS": 0.3333333333333333,
      "MAC_ADDRESS": 0.3333333333333333,
      "MRN": 0.6027397260273972,
      "OCCUPATION": 0.9,
      "PAN_NUMBER": 0.7894736842105263,
      "PASSPORT_NUMBER": 0.8,
      "PATIENT_ID": 0.8125,
      "PATIENT_NAME": 0.6363636363636364,
      "PHONE_NUMBER": 0.22935779816513763,
      "PIN": 1.0,
      "PIN_CODE": 0.9,
      "REFERRAL_ID": 0.8333333333333334,
      "RELATIVE_NAME": 0.9019607843137255,
      "RELIGION": 0.75,
      "RESIDENTIAL_ADDRESS": 0.9230769230769231,
      "TAX_ID": 0.6666666666666666,
      "TELEPHONE_LANDLINE": 0.9,
      "URL": 0.3333333333333333,
      "VEHICLE_REGISTRATION": 0.8076923076923077,
      "VILLAGE": 1.0,
      "VOTER_ID": 1.0,
      "WARD_NUMBER": 0.3548387096774194
    },
    "entity_types": 49,
    "total_mentions": 1402
  },
  "ied": {
    "mean_ised": 0.6447715667896157,
    "per_entity_type": {
      "AADHAAR_NUMBER": 0.3684210526315789,
      "ABHA_ADDRESS": 0.9166666666666666,
      "ABHA_ID": 0.15384615384615385,
      "ADMISSION_NUMBER": 0.8260869565217391,
      "AGE": 0.29591836734693877,
      "APPOINTMENT_ID": 0.6923076923076923,
      "ASHA_WORKER_NAME": 1.0,
      "BANK_ACCOUNT_NUMBER": 0.7,
      "BANK_ROUTING_NUMBER": 0.3,
      "BED_NUMBER": 0.3448275862068966,
      "BPL_RATION_CARD": 1.0,
      "CASTE": 0.5,
      "CREDIT_CARD_NUMBER": 0.3,
      "CVV": 0.2,
      "DISTRICT": 0.5280898876404494,
      "DOB": 0.9523809523809523,
      "DOCTOR_NAME": 0.5769230769230769,
      "DRIVING_LICENCE": 1.0,
      "EMAIL_ADDRESS": 0.9285714285714286,
      "EMPLOYEE_ID": 0.6666666666666666,
      "ENCOUNTER_ID": 0.3125,
      "GENDER": 0.02040816326530612,
      "HOSPITAL_ID": 1.0,
      "HOSPITAL_NAME": 0.7870370370370371,
      "IFSC_CODE": 0.4,
      "IMEI_NUMBER": 0.3333333333333333,
      "INSURANCE_POLICY_NUMBER": 0.6818181818181818,
      "IP_ADDRESS": 0.3333333333333333,
      "MAC_ADDRESS": 0.3333333333333333,
      "MRN": 0.6027397260273972,
      "OCCUPATION": 0.9,
      "PAN_NUMBER": 0.7894736842105263,
      "PASSPORT_NUMBER": 0.8,
      "PATIENT_ID": 0.8125,
      "PATIENT_NAME": 0.6363636363636364,
      "PHONE_NUMBER": 0.22935779816513763,
      "PIN": 1.0,
      "PIN_CODE": 0.9,
      "REFERRAL_ID": 0.8333333333333334,
      "RELATIVE_NAME": 0.9019607843137255,
      "RELIGION": 0.75,
      "RESIDENTIAL_ADDRESS": 0.9230769230769231,
      "TAX_ID": 0.6666666666666666,
      "TELEPHONE_LANDLINE": 0.9,
      "URL": 0.3333333333333333,
      "VEHICLE_REGISTRATION": 0.8076923076923077,
      "VILLAGE": 1.0,
      "VOTER_ID": 1.0,
      "WARD_NUMBER": 0.3548387096774194
    },
    "entity_types": 49,
    "total_mentions": 1402
  },
  "gold_span_metrics": null,
  "gold_jsonl": null,
  "fail_on_token_misalign": true
}
