{
  "stage": "s9_gliner_format",
  "timestamp_utc": "2026-07-21T05:39:02.796515+00:00",
  "input_jsonl": "/home/sidharth/Desktop/nvidia-hack/india-agentic-ai-hackathon/data/generated/runs/20260721T095916/s7_s8_curation/curated.jsonl",
  "rows_in": 22,
  "rows_out": 22,
  "mean_tokens": 554.4545454545455,
  "mean_entities": 12.181818181818182,
  "ecr": {
    "mean_ecr": 1.0,
    "min_ecr": 1.0,
    "max_ecr": 1.0,
    "n": 22
  },
  "ised": {
    "mean_ised": 0.8864871113643229,
    "per_entity_type": {
      "AADHAAR_NUMBER": 0.5,
      "ABHA_ID": 0.09090909090909091,
      "ADMISSION_NUMBER": 1.0,
      "AGE": 0.7894736842105263,
      "APPOINTMENT_ID": 0.8333333333333334,
      "ASHA_WORKER_NAME": 1.0,
      "BANK_ACCOUNT_NUMBER": 1.0,
      "BED_NUMBER": 1.0,
      "BPL_RATION_CARD": 1.0,
      "DISTRICT": 0.9473684210526315,
      "DOB": 1.0,
      "DOCTOR_NAME": 0.6666666666666666,
      "DRIVING_LICENCE": 1.0,
      "EMAIL_ADDRESS": 1.0,
      "EMPLOYEE_ID": 1.0,
      "ENCOUNTER_ID": 1.0,
      "GENDER": 0.10526315789473684,
      "HOSPITAL_ID": 1.0,
      "HOSPITAL_NAME": 1.0,
      "IMEI_NUMBER": 1.0,
      "INSURANCE_POLICY_NUMBER": 0.6666666666666666,
      "IP_ADDRESS": 1.0,
      "MAC_ADDRESS": 1.0,
      "MRN": 0.7619047619047619,
      "OCCUPATION": 1.0,
      "PASSPORT_NUMBER": 1.0,
      "PATIENT_ID": 0.8888888888888888,
      "PATIENT_NAME": 0.7857142857142857,
      "PHONE_NUMBER": 0.43478260869565216,
      "PIN_CODE": 1.0,
      "REFERRAL_ID": 1.0,
      "RELATIVE_NAME": 1.0,
      "RELIGION": 1.0,
      "RESIDENTIAL_ADDRESS": 0.875,
      "TAX_ID": 1.0,
      "TELEPHONE_LANDLINE": 1.0,
      "URL": 1.0,
      "VEHICLE_REGISTRATION": 1.0,
      "VILLAGE": 1.0,
      "VOTER_ID": 1.0,
      "WARD_NUMBER": 1.0
    },
    "entity_types": 41,
    "total_mentions": 268
  },
  "ied": {
    "mean_ised": 0.8864871113643229,
    "per_entity_type": {
      "AADHAAR_NUMBER": 0.5,
      "ABHA_ID": 0.09090909090909091,
      "ADMISSION_NUMBER": 1.0,
      "AGE": 0.7894736842105263,
      "APPOINTMENT_ID": 0.8333333333333334,
      "ASHA_WORKER_NAME": 1.0,
      "BANK_ACCOUNT_NUMBER": 1.0,
      "BED_NUMBER": 1.0,
      "BPL_RATION_CARD": 1.0,
      "DISTRICT": 0.9473684210526315,
      "DOB": 1.0,
      "DOCTOR_NAME": 0.6666666666666666,
      "DRIVING_LICENCE": 1.0,
      "EMAIL_ADDRESS": 1.0,
      "EMPLOYEE_ID": 1.0,
      "ENCOUNTER_ID": 1.0,
      "GENDER": 0.10526315789473684,
      "HOSPITAL_ID": 1.0,
      "HOSPITAL_NAME": 1.0,
      "IMEI_NUMBER": 1.0,
      "INSURANCE_POLICY_NUMBER": 0.6666666666666666,
      "IP_ADDRESS": 1.0,
      "MAC_ADDRESS": 1.0,
      "MRN": 0.7619047619047619,
      "OCCUPATION": 1.0,
      "PASSPORT_NUMBER": 1.0,
      "PATIENT_ID": 0.8888888888888888,
      "PATIENT_NAME": 0.7857142857142857,
      "PHONE_NUMBER": 0.43478260869565216,
      "PIN_CODE": 1.0,
      "REFERRAL_ID": 1.0,
      "RELATIVE_NAME": 1.0,
      "RELIGION": 1.0,
      "RESIDENTIAL_ADDRESS": 0.875,
      "TAX_ID": 1.0,
      "TELEPHONE_LANDLINE": 1.0,
      "URL": 1.0,
      "VEHICLE_REGISTRATION": 1.0,
      "VILLAGE": 1.0,
      "VOTER_ID": 1.0,
      "WARD_NUMBER": 1.0
    },
    "entity_types": 41,
    "total_mentions": 268
  },
  "gold_span_metrics": null,
  "gold_jsonl": null,
  "fail_on_token_misalign": true
}
