{
  "stage": "s9_gliner_format",
  "timestamp_utc": "2026-07-22T01:59:22.415700+00:00",
  "input_jsonl": "/home/sidharth/Desktop/nvidia-hack/india-agentic-ai-hackathon/data/generated/runs/20260722T010640/s7_s8_curation/curated.jsonl",
  "rows_in": 69,
  "rows_out": 69,
  "soft_skip_count": 0,
  "soft_failures": [],
  "token_boundary_snap_docs": 1,
  "mean_tokens": 522.695652173913,
  "mean_entities": 11.73913043478261,
  "ecr": {
    "mean_ecr": 1.0,
    "min_ecr": 1.0,
    "max_ecr": 1.0,
    "n": 69
  },
  "ised": {
    "mean_ised": 0.779454513280684,
    "per_entity_type": {
      "AADHAAR_NUMBER": 0.3,
      "ABHA_ADDRESS": 1.0,
      "ABHA_ID": 0.16666666666666666,
      "ADMISSION_NUMBER": 0.875,
      "AGE": 0.4230769230769231,
      "APPOINTMENT_ID": 0.75,
      "ASHA_WORKER_NAME": 0.9285714285714286,
      "BANK_ACCOUNT_NUMBER": 1.0,
      "BANK_ROUTING_NUMBER": 1.0,
      "BED_NUMBER": 0.4166666666666667,
      "BPL_RATION_CARD": 1.0,
      "CASTE": 0.8333333333333334,
      "CREDIT_CARD_NUMBER": 0.5,
      "CVV": 0.5,
      "DISTRICT": 0.6851851851851852,
      "DOB": 1.0,
      "DOCTOR_NAME": 0.6379310344827587,
      "DRIVING_LICENCE": 1.0,
      "EMAIL_ADDRESS": 1.0,
      "EMPLOYEE_ID": 1.0,
      "ENCOUNTER_ID": 0.625,
      "GENDER": 0.1346153846153846,
      "HOSPITAL_ID": 0.9090909090909091,
      "HOSPITAL_NAME": 0.8059701492537313,
      "IFSC_CODE": 0.5,
      "IMEI_NUMBER": 1.0,
      "INSURANCE_POLICY_NUMBER": 1.0,
      "IP_ADDRESS": 1.0,
      "MAC_ADDRESS": 1.0,
      "MRN": 0.6363636363636364,
      "OCCUPATION": 1.0,
      "PAN_NUMBER": 0.6,
      "PASSPORT_NUMBER": 0.8,
      "PATIENT_ID": 0.8333333333333334,
      "PATIENT_NAME": 0.6891891891891891,
      "PHONE_NUMBER": 0.2647058823529412,
      "PIN": 1.0,
      "PIN_CODE": 1.0,
      "REFERRAL_ID": 0.8,
      "RELATIVE_NAME": 0.9,
      "RELIGION": 0.5,
      "RESIDENTIAL_ADDRESS": 1.0,
      "TAX_ID": 0.75,
      "TELEPHONE_LANDLINE": 1.0,
      "URL": 1.0,
      "VEHICLE_REGISTRATION": 0.9285714285714286,
      "VILLAGE": 1.0,
      "VOTER_ID": 1.0,
      "WARD_NUMBER": 0.5
    },
    "entity_types": 49,
    "total_mentions": 810
  },
  "ied": {
    "mean_ised": 0.779454513280684,
    "per_entity_type": {
      "AADHAAR_NUMBER": 0.3,
      "ABHA_ADDRESS": 1.0,
      "ABHA_ID": 0.16666666666666666,
      "ADMISSION_NUMBER": 0.875,
      "AGE": 0.4230769230769231,
      "APPOINTMENT_ID": 0.75,
      "ASHA_WORKER_NAME": 0.9285714285714286,
      "BANK_ACCOUNT_NUMBER": 1.0,
      "BANK_ROUTING_NUMBER": 1.0,
      "BED_NUMBER": 0.4166666666666667,
      "BPL_RATION_CARD": 1.0,
      "CASTE": 0.8333333333333334,
      "CREDIT_CARD_NUMBER": 0.5,
      "CVV": 0.5,
      "DISTRICT": 0.6851851851851852,
      "DOB": 1.0,
      "DOCTOR_NAME": 0.6379310344827587,
      "DRIVING_LICENCE": 1.0,
      "EMAIL_ADDRESS": 1.0,
      "EMPLOYEE_ID": 1.0,
      "ENCOUNTER_ID": 0.625,
      "GENDER": 0.1346153846153846,
      "HOSPITAL_ID": 0.9090909090909091,
      "HOSPITAL_NAME": 0.8059701492537313,
      "IFSC_CODE": 0.5,
      "IMEI_NUMBER": 1.0,
      "INSURANCE_POLICY_NUMBER": 1.0,
      "IP_ADDRESS": 1.0,
      "MAC_ADDRESS": 1.0,
      "MRN": 0.6363636363636364,
      "OCCUPATION": 1.0,
      "PAN_NUMBER": 0.6,
      "PASSPORT_NUMBER": 0.8,
      "PATIENT_ID": 0.8333333333333334,
      "PATIENT_NAME": 0.6891891891891891,
      "PHONE_NUMBER": 0.2647058823529412,
      "PIN": 1.0,
      "PIN_CODE": 1.0,
      "REFERRAL_ID": 0.8,
      "RELATIVE_NAME": 0.9,
      "RELIGION": 0.5,
      "RESIDENTIAL_ADDRESS": 1.0,
      "TAX_ID": 0.75,
      "TELEPHONE_LANDLINE": 1.0,
      "URL": 1.0,
      "VEHICLE_REGISTRATION": 0.9285714285714286,
      "VILLAGE": 1.0,
      "VOTER_ID": 1.0,
      "WARD_NUMBER": 0.5
    },
    "entity_types": 49,
    "total_mentions": 810
  },
  "gold_span_metrics": null,
  "gold_jsonl": null,
  "fail_on_token_misalign": true
}
