{
  "stage": "s9_gliner_format",
  "timestamp_utc": "2026-07-22T02:37:15.984219+00:00",
  "input_jsonl": "/home/sidharth/Desktop/nvidia-hack/india-agentic-ai-hackathon/data/generated/runs/20260722T010640/s7_s8_curation/curated.jsonl",
  "rows_in": 126,
  "rows_out": 126,
  "soft_skip_count": 0,
  "soft_failures": [],
  "token_boundary_snap_docs": 2,
  "mean_tokens": 545.2222222222222,
  "mean_entities": 12.293650793650794,
  "ecr": {
    "mean_ecr": 1.0,
    "min_ecr": 1.0,
    "max_ecr": 1.0,
    "n": 126
  },
  "ised": {
    "mean_ised": 0.6489645150772153,
    "per_entity_type": {
      "AADHAAR_NUMBER": 0.2916666666666667,
      "ABHA_ADDRESS": 1.0,
      "ABHA_ID": 0.1875,
      "ADMISSION_NUMBER": 0.6666666666666666,
      "AGE": 0.29292929292929293,
      "APPOINTMENT_ID": 0.5882352941176471,
      "ASHA_WORKER_NAME": 0.8461538461538461,
      "BANK_ACCOUNT_NUMBER": 0.7,
      "BANK_ROUTING_NUMBER": 0.5555555555555556,
      "BED_NUMBER": 0.4090909090909091,
      "BPL_RATION_CARD": 0.8461538461538461,
      "CASTE": 0.7777777777777778,
      "CREDIT_CARD_NUMBER": 0.4444444444444444,
      "CVV": 0.2222222222222222,
      "DISTRICT": 0.5686274509803921,
      "DOB": 1.0,
      "DOCTOR_NAME": 0.5339805825242718,
      "DRIVING_LICENCE": 0.9090909090909091,
      "EMAIL_ADDRESS": 0.9473684210526315,
      "EMPLOYEE_ID": 0.8571428571428571,
      "ENCOUNTER_ID": 0.5,
      "GENDER": 0.08,
      "HOSPITAL_ID": 0.9523809523809523,
      "HOSPITAL_NAME": 0.819672131147541,
      "IFSC_CODE": 0.4,
      "IMEI_NUMBER": 0.5,
      "INSURANCE_POLICY_NUMBER": 0.875,
      "IP_ADDRESS": 0.5,
      "MAC_ADDRESS": 0.5,
      "MRN": 0.6282051282051282,
      "OCCUPATION": 0.6666666666666666,
      "PAN_NUMBER": 0.5416666666666666,
      "PASSPORT_NUMBER": 0.7272727272727273,
      "PATIENT_ID": 0.85,
      "PATIENT_NAME": 0.6267605633802817,
      "PHONE_NUMBER": 0.22764227642276422,
      "PIN": 0.7777777777777778,
      "PIN_CODE": 0.9411764705882353,
      "REFERRAL_ID": 0.5454545454545454,
      "RELATIVE_NAME": 0.9090909090909091,
      "RELIGION": 0.5,
      "RESIDENTIAL_ADDRESS": 0.96,
      "TAX_ID": 0.6,
      "TELEPHONE_LANDLINE": 0.9333333333333333,
      "URL": 0.5,
      "VEHICLE_REGISTRATION": 0.78125,
      "VILLAGE": 1.0,
      "VOTER_ID": 0.92,
      "WARD_NUMBER": 0.391304347826087
    },
    "entity_types": 49,
    "total_mentions": 1549
  },
  "ied": {
    "mean_ised": 0.6489645150772153,
    "per_entity_type": {
      "AADHAAR_NUMBER": 0.2916666666666667,
      "ABHA_ADDRESS": 1.0,
      "ABHA_ID": 0.1875,
      "ADMISSION_NUMBER": 0.6666666666666666,
      "AGE": 0.29292929292929293,
      "APPOINTMENT_ID": 0.5882352941176471,
      "ASHA_WORKER_NAME": 0.8461538461538461,
      "BANK_ACCOUNT_NUMBER": 0.7,
      "BANK_ROUTING_NUMBER": 0.5555555555555556,
      "BED_NUMBER": 0.4090909090909091,
      "BPL_RATION_CARD": 0.8461538461538461,
      "CASTE": 0.7777777777777778,
      "CREDIT_CARD_NUMBER": 0.4444444444444444,
      "CVV": 0.2222222222222222,
      "DISTRICT": 0.5686274509803921,
      "DOB": 1.0,
      "DOCTOR_NAME": 0.5339805825242718,
      "DRIVING_LICENCE": 0.9090909090909091,
      "EMAIL_ADDRESS": 0.9473684210526315,
      "EMPLOYEE_ID": 0.8571428571428571,
      "ENCOUNTER_ID": 0.5,
      "GENDER": 0.08,
      "HOSPITAL_ID": 0.9523809523809523,
      "HOSPITAL_NAME": 0.819672131147541,
      "IFSC_CODE": 0.4,
      "IMEI_NUMBER": 0.5,
      "INSURANCE_POLICY_NUMBER": 0.875,
      "IP_ADDRESS": 0.5,
      "MAC_ADDRESS": 0.5,
      "MRN": 0.6282051282051282,
      "OCCUPATION": 0.6666666666666666,
      "PAN_NUMBER": 0.5416666666666666,
      "PASSPORT_NUMBER": 0.7272727272727273,
      "PATIENT_ID": 0.85,
      "PATIENT_NAME": 0.6267605633802817,
      "PHONE_NUMBER": 0.22764227642276422,
      "PIN": 0.7777777777777778,
      "PIN_CODE": 0.9411764705882353,
      "REFERRAL_ID": 0.5454545454545454,
      "RELATIVE_NAME": 0.9090909090909091,
      "RELIGION": 0.5,
      "RESIDENTIAL_ADDRESS": 0.96,
      "TAX_ID": 0.6,
      "TELEPHONE_LANDLINE": 0.9333333333333333,
      "URL": 0.5,
      "VEHICLE_REGISTRATION": 0.78125,
      "VILLAGE": 1.0,
      "VOTER_ID": 0.92,
      "WARD_NUMBER": 0.391304347826087
    },
    "entity_types": 49,
    "total_mentions": 1549
  },
  "gold_span_metrics": null,
  "gold_jsonl": null,
  "fail_on_token_misalign": true
}
