{
  "stage": "s9_gliner_format",
  "timestamp_utc": "2026-07-22T16:58:25.166029+00:00",
  "input_jsonl": "/home/sidharth/Desktop/nvidia-hack/india-agentic-ai-hackathon/data/generated/runs/20260722T213905/s7_s8_curation/curated.jsonl",
  "rows_in": 58,
  "rows_out": 58,
  "soft_skip_count": 0,
  "soft_failures": [],
  "token_boundary_snap_docs": 1,
  "mean_tokens": 599.3275862068965,
  "mean_entities": 11.862068965517242,
  "ecr": {
    "mean_ecr": 1.0,
    "min_ecr": 1.0,
    "max_ecr": 1.0,
    "n": 58
  },
  "ised": {
    "mean_ised": 0.7492844989034088,
    "per_entity_type": {
      "AADHAAR_NUMBER": 0.6666666666666666,
      "ABHA_ADDRESS": 1.0,
      "ABHA_ID": 0.15384615384615385,
      "ADMISSION_NUMBER": 0.8333333333333334,
      "AGE": 0.32608695652173914,
      "APPOINTMENT_ID": 0.5454545454545454,
      "ASHA_WORKER_NAME": 1.0,
      "BANK_ACCOUNT_NUMBER": 1.0,
      "BANK_ROUTING_NUMBER": 0.75,
      "BED_NUMBER": 0.45454545454545453,
      "BPL_RATION_CARD": 0.875,
      "CASTE": 0.6666666666666666,
      "CREDIT_CARD_NUMBER": 0.75,
      "CVV": 0.5,
      "DISTRICT": 0.5897435897435898,
      "DOB": 1.0,
      "DOCTOR_NAME": 0.6037735849056604,
      "DRIVING_LICENCE": 1.0,
      "EMAIL_ADDRESS": 0.8888888888888888,
      "EMPLOYEE_ID": 1.0,
      "ENCOUNTER_ID": 0.2727272727272727,
      "GENDER": 0.043478260869565216,
      "HOSPITAL_ID": 0.8461538461538461,
      "HOSPITAL_NAME": 0.8181818181818182,
      "IFSC_CODE": 0.75,
      "IMEI_NUMBER": 0.6666666666666666,
      "INSURANCE_POLICY_NUMBER": 0.8888888888888888,
      "IP_ADDRESS": 0.6666666666666666,
      "MAC_ADDRESS": 0.6666666666666666,
      "MRN": 0.6388888888888888,
      "OCCUPATION": 1.0,
      "PAN_NUMBER": 1.0,
      "PASSPORT_NUMBER": 1.0,
      "PATIENT_ID": 1.0,
      "PATIENT_NAME": 0.625,
      "PHONE_NUMBER": 0.22807017543859648,
      "PIN": 1.0,
      "PIN_CODE": 1.0,
      "REFERRAL_ID": 0.75,
      "RELATIVE_NAME": 0.92,
      "RELIGION": 0.6,
      "RESIDENTIAL_ADDRESS": 0.9090909090909091,
      "TAX_ID": 0.8,
      "TELEPHONE_LANDLINE": 1.0,
      "URL": 0.6666666666666666,
      "VEHICLE_REGISTRATION": 0.9333333333333333,
      "VILLAGE": 1.0,
      "VOTER_ID": 0.875,
      "WARD_NUMBER": 0.5454545454545454
    },
    "entity_types": 49,
    "total_mentions": 688
  },
  "ied": {
    "mean_ised": 0.7492844989034088,
    "per_entity_type": {
      "AADHAAR_NUMBER": 0.6666666666666666,
      "ABHA_ADDRESS": 1.0,
      "ABHA_ID": 0.15384615384615385,
      "ADMISSION_NUMBER": 0.8333333333333334,
      "AGE": 0.32608695652173914,
      "APPOINTMENT_ID": 0.5454545454545454,
      "ASHA_WORKER_NAME": 1.0,
      "BANK_ACCOUNT_NUMBER": 1.0,
      "BANK_ROUTING_NUMBER": 0.75,
      "BED_NUMBER": 0.45454545454545453,
      "BPL_RATION_CARD": 0.875,
      "CASTE": 0.6666666666666666,
      "CREDIT_CARD_NUMBER": 0.75,
      "CVV": 0.5,
      "DISTRICT": 0.5897435897435898,
      "DOB": 1.0,
      "DOCTOR_NAME": 0.6037735849056604,
      "DRIVING_LICENCE": 1.0,
      "EMAIL_ADDRESS": 0.8888888888888888,
      "EMPLOYEE_ID": 1.0,
      "ENCOUNTER_ID": 0.2727272727272727,
      "GENDER": 0.043478260869565216,
      "HOSPITAL_ID": 0.8461538461538461,
      "HOSPITAL_NAME": 0.8181818181818182,
      "IFSC_CODE": 0.75,
      "IMEI_NUMBER": 0.6666666666666666,
      "INSURANCE_POLICY_NUMBER": 0.8888888888888888,
      "IP_ADDRESS": 0.6666666666666666,
      "MAC_ADDRESS": 0.6666666666666666,
      "MRN": 0.6388888888888888,
      "OCCUPATION": 1.0,
      "PAN_NUMBER": 1.0,
      "PASSPORT_NUMBER": 1.0,
      "PATIENT_ID": 1.0,
      "PATIENT_NAME": 0.625,
      "PHONE_NUMBER": 0.22807017543859648,
      "PIN": 1.0,
      "PIN_CODE": 1.0,
      "REFERRAL_ID": 0.75,
      "RELATIVE_NAME": 0.92,
      "RELIGION": 0.6,
      "RESIDENTIAL_ADDRESS": 0.9090909090909091,
      "TAX_ID": 0.8,
      "TELEPHONE_LANDLINE": 1.0,
      "URL": 0.6666666666666666,
      "VEHICLE_REGISTRATION": 0.9333333333333333,
      "VILLAGE": 1.0,
      "VOTER_ID": 0.875,
      "WARD_NUMBER": 0.5454545454545454
    },
    "entity_types": 49,
    "total_mentions": 688
  },
  "gold_span_metrics": null,
  "gold_jsonl": null,
  "fail_on_token_misalign": true
}
