{
  "stage": "s9_gliner_format",
  "timestamp_utc": "2026-07-24T10:07:01.951279+00:00",
  "input_jsonl": "/home/sidharth/Desktop/nvidia-hack/india-agentic-ai-hackathon/data/generated/runs/20260724T100211/s7_s8_curation/curated.jsonl",
  "rows_in": 382,
  "rows_out": 382,
  "soft_skip_count": 0,
  "soft_failures": [],
  "token_boundary_snap_docs": 4,
  "mean_tokens": 527.5890052356021,
  "mean_entities": 12.18324607329843,
  "ecr": {
    "mean_ecr": 1.0,
    "min_ecr": 1.0,
    "max_ecr": 1.0,
    "n": 382
  },
  "ised": {
    "mean_ised": 0.5168415640474682,
    "per_entity_type": {
      "AADHAAR_NUMBER": 0.2545454545454545,
      "ABHA_ADDRESS": 0.9705882352941176,
      "ABHA_ID": 0.0891089108910891,
      "ADMISSION_NUMBER": 0.3770491803278688,
      "AGE": 0.09009009009009009,
      "APPOINTMENT_ID": 0.42857142857142855,
      "ASHA_WORKER_NAME": 0.8428571428571429,
      "BANK_ACCOUNT_NUMBER": 0.3225806451612903,
      "BANK_ROUTING_NUMBER": 0.21428571428571427,
      "BED_NUMBER": 0.15730337078651685,
      "BPL_RATION_CARD": 0.7971014492753623,
      "CASTE": 0.40625,
      "CREDIT_CARD_NUMBER": 0.2222222222222222,
      "CVV": 0.07407407407407407,
      "DISTRICT": 0.23469387755102042,
      "DOB": 0.9215686274509803,
      "DOCTOR_NAME": 0.47147147147147145,
      "DRIVING_LICENCE": 0.9583333333333334,
      "EMAIL_ADDRESS": 0.9047619047619048,
      "EMPLOYEE_ID": 0.7222222222222222,
      "ENCOUNTER_ID": 0.28125,
      "GENDER": 0.01812688821752266,
      "HOSPITAL_ID": 0.859375,
      "HOSPITAL_NAME": 0.6092896174863388,
      "IFSC_CODE": 0.1935483870967742,
      "IMEI_NUMBER": 0.09090909090909091,
      "INSURANCE_POLICY_NUMBER": 0.7407407407407407,
      "IP_ADDRESS": 0.09090909090909091,
      "MAC_ADDRESS": 0.18181818181818182,
      "MRN": 0.5357142857142857,
      "OCCUPATION": 0.6,
      "PAN_NUMBER": 0.625,
      "PASSPORT_NUMBER": 0.5833333333333334,
      "PATIENT_ID": 0.8717948717948718,
      "PATIENT_NAME": 0.48009367681498827,
      "PHONE_NUMBER": 0.14363143631436315,
      "PIN": 0.8518518518518519,
      "PIN_CODE": 0.896551724137931,
      "REFERRAL_ID": 0.5416666666666666,
      "RELATIVE_NAME": 0.7633136094674556,
      "RELIGION": 0.24324324324324326,
      "RESIDENTIAL_ADDRESS": 0.9850746268656716,
      "TAX_ID": 0.56,
      "TELEPHONE_LANDLINE": 0.96,
      "URL": 0.7272727272727273,
      "VEHICLE_REGISTRATION": 0.6790123456790124,
      "VILLAGE": 0.8095238095238095,
      "VOTER_ID": 0.7536231884057971,
      "WARD_NUMBER": 0.18888888888888888
    },
    "entity_types": 49,
    "total_mentions": 4654
  },
  "ied": {
    "mean_ised": 0.5168415640474682,
    "per_entity_type": {
      "AADHAAR_NUMBER": 0.2545454545454545,
      "ABHA_ADDRESS": 0.9705882352941176,
      "ABHA_ID": 0.0891089108910891,
      "ADMISSION_NUMBER": 0.3770491803278688,
      "AGE": 0.09009009009009009,
      "APPOINTMENT_ID": 0.42857142857142855,
      "ASHA_WORKER_NAME": 0.8428571428571429,
      "BANK_ACCOUNT_NUMBER": 0.3225806451612903,
      "BANK_ROUTING_NUMBER": 0.21428571428571427,
      "BED_NUMBER": 0.15730337078651685,
      "BPL_RATION_CARD": 0.7971014492753623,
      "CASTE": 0.40625,
      "CREDIT_CARD_NUMBER": 0.2222222222222222,
      "CVV": 0.07407407407407407,
      "DISTRICT": 0.23469387755102042,
      "DOB": 0.9215686274509803,
      "DOCTOR_NAME": 0.47147147147147145,
      "DRIVING_LICENCE": 0.9583333333333334,
      "EMAIL_ADDRESS": 0.9047619047619048,
      "EMPLOYEE_ID": 0.7222222222222222,
      "ENCOUNTER_ID": 0.28125,
      "GENDER": 0.01812688821752266,
      "HOSPITAL_ID": 0.859375,
      "HOSPITAL_NAME": 0.6092896174863388,
      "IFSC_CODE": 0.1935483870967742,
      "IMEI_NUMBER": 0.09090909090909091,
      "INSURANCE_POLICY_NUMBER": 0.7407407407407407,
      "IP_ADDRESS": 0.09090909090909091,
      "MAC_ADDRESS": 0.18181818181818182,
      "MRN": 0.5357142857142857,
      "OCCUPATION": 0.6,
      "PAN_NUMBER": 0.625,
      "PASSPORT_NUMBER": 0.5833333333333334,
      "PATIENT_ID": 0.8717948717948718,
      "PATIENT_NAME": 0.48009367681498827,
      "PHONE_NUMBER": 0.14363143631436315,
      "PIN": 0.8518518518518519,
      "PIN_CODE": 0.896551724137931,
      "REFERRAL_ID": 0.5416666666666666,
      "RELATIVE_NAME": 0.7633136094674556,
      "RELIGION": 0.24324324324324326,
      "RESIDENTIAL_ADDRESS": 0.9850746268656716,
      "TAX_ID": 0.56,
      "TELEPHONE_LANDLINE": 0.96,
      "URL": 0.7272727272727273,
      "VEHICLE_REGISTRATION": 0.6790123456790124,
      "VILLAGE": 0.8095238095238095,
      "VOTER_ID": 0.7536231884057971,
      "WARD_NUMBER": 0.18888888888888888
    },
    "entity_types": 49,
    "total_mentions": 4654
  },
  "gold_span_metrics": null,
  "gold_jsonl": null,
  "fail_on_token_misalign": true
}
